symbol,security_id,exchange,segment,instrument
360ONE APR FUT,66693,NSE,D,FUTSTK
360ONE MAR FUT,51722,NSE,D,FUTSTK
ABB APR FUT,66694,NSE,D,FUTSTK
ABB MAR FUT,51723,NSE,D,FUTSTK
ABCAPITAL APR FUT,66695,NSE,D,FUTSTK
ABCAPITAL MAR FUT,51724,NSE,D,FUTSTK
ADANIENSOL APR FUT,66696,NSE,D,FUTSTK
ADANIENSOL MAR FUT,51725,NSE,D,FUTSTK
ADANIENT APR FUT,66703,NSE,D,FUTSTK
ADANIENT MAR FUT,51728,NSE,D,FUTSTK
ADANIGREEN APR FUT,66704,NSE,D,FUTSTK
ADANIGREEN MAR FUT,51729,NSE,D,FUTSTK
ADANIPORTS APR FUT,66705,NSE,D,FUTSTK
ADANIPORTS MAR FUT,51734,NSE,D,FUTSTK
ALKEM APR FUT,66706,NSE,D,FUTSTK
ALKEM MAR FUT,51735,NSE,D,FUTSTK
AMBER APR FUT,66707,NSE,D,FUTSTK
AMBER MAR FUT,51736,NSE,D,FUTSTK
AMBUJACEM APR FUT,66708,NSE,D,FUTSTK
AMBUJACEM MAR FUT,51737,NSE,D,FUTSTK
ANGELONE APR FUT,66709,NSE,D,FUTSTK
ANGELONE MAR FUT,51747,NSE,D,FUTSTK
APLAPOLLO APR FUT,66710,NSE,D,FUTSTK
APLAPOLLO MAR FUT,51748,NSE,D,FUTSTK
APOLLOHOSP APR FUT,66711,NSE,D,FUTSTK
APOLLOHOSP MAR FUT,51756,NSE,D,FUTSTK
ASHOKLEY APR FUT,66712,NSE,D,FUTSTK
ASHOKLEY MAR FUT,51757,NSE,D,FUTSTK
ASIANPAINT APR FUT,66713,NSE,D,FUTSTK
ASIANPAINT MAR FUT,51773,NSE,D,FUTSTK
ASTRAL APR FUT,66714,NSE,D,FUTSTK
ASTRAL MAR FUT,51774,NSE,D,FUTSTK
AUBANK APR FUT,66715,NSE,D,FUTSTK
AUBANK MAR FUT,51795,NSE,D,FUTSTK
AUROPHARMA APR FUT,66716,NSE,D,FUTSTK
AUROPHARMA MAR FUT,51796,NSE,D,FUTSTK
AXISBANK APR FUT,66717,NSE,D,FUTSTK
AXISBANK MAR FUT,51813,NSE,D,FUTSTK
BAJAJ-AUTO APR FUT,66718,NSE,D,FUTSTK
BAJAJ-AUTO MAR FUT,51814,NSE,D,FUTSTK
BAJAJFINSV APR FUT,66719,NSE,D,FUTSTK
BAJAJFINSV MAR FUT,51815,NSE,D,FUTSTK
BAJAJHLDNG APR FUT,66720,NSE,D,FUTSTK
BAJAJHLDNG MAR FUT,51818,NSE,D,FUTSTK
BAJFINANCE APR FUT,66721,NSE,D,FUTSTK
BAJFINANCE MAR FUT,51819,NSE,D,FUTSTK
BANDHANBNK APR FUT,66722,NSE,D,FUTSTK
BANDHANBNK MAR FUT,51820,NSE,D,FUTSTK
BANKBARODA APR FUT,66723,NSE,D,FUTSTK
BANKBARODA MAR FUT,51821,NSE,D,FUTSTK
BANKINDIA APR FUT,66724,NSE,D,FUTSTK
BANKINDIA MAR FUT,51822,NSE,D,FUTSTK
BANKNIFTY APR FUT,66688,NSE,D,FUTIDX
BANKNIFTY MAR FUT,51701,NSE,D,FUTIDX
BDL APR FUT,66725,NSE,D,FUTSTK
BDL MAR FUT,51823,NSE,D,FUTSTK
BEL APR FUT,66726,NSE,D,FUTSTK
BEL MAR FUT,51824,NSE,D,FUTSTK
BHARATFORG APR FUT,66727,NSE,D,FUTSTK
BHARATFORG MAR FUT,51825,NSE,D,FUTSTK
BHARTIARTL APR FUT,66728,NSE,D,FUTSTK
BHARTIARTL MAR FUT,51826,NSE,D,FUTSTK
BHEL APR FUT,66729,NSE,D,FUTSTK
BHEL MAR FUT,51827,NSE,D,FUTSTK
BIOCON APR FUT,66730,NSE,D,FUTSTK
BIOCON MAR FUT,51828,NSE,D,FUTSTK
BLUESTARCO APR FUT,66731,NSE,D,FUTSTK
BLUESTARCO MAR FUT,51829,NSE,D,FUTSTK
BOSCHLTD APR FUT,66732,NSE,D,FUTSTK
BOSCHLTD MAR FUT,51830,NSE,D,FUTSTK
BPCL APR FUT,66733,NSE,D,FUTSTK
BPCL MAR FUT,51831,NSE,D,FUTSTK
BRITANNIA APR FUT,66734,NSE,D,FUTSTK
BRITANNIA MAR FUT,51832,NSE,D,FUTSTK
BSE APR FUT,66735,NSE,D,FUTSTK
BSE MAR FUT,51835,NSE,D,FUTSTK
CAMS APR FUT,66736,NSE,D,FUTSTK
CAMS MAR FUT,51836,NSE,D,FUTSTK
CANBK APR FUT,66737,NSE,D,FUTSTK
CANBK MAR FUT,51837,NSE,D,FUTSTK
CARDAMOM APR FUT,488799,MCX,M,FUTCOM
CARDAMOM JUN FUT,552715,MCX,M,FUTCOM
CARDAMOM MAR FUT,487667,MCX,M,FUTCOM
CARDAMOM MAY FUT,510482,MCX,M,FUTCOM
CDSL APR FUT,66751,NSE,D,FUTSTK
CDSL MAR FUT,51838,NSE,D,FUTSTK
CGPOWER APR FUT,66752,NSE,D,FUTSTK
CGPOWER MAR FUT,51843,NSE,D,FUTSTK
CHOLAFIN APR FUT,66753,NSE,D,FUTSTK
CHOLAFIN MAR FUT,51844,NSE,D,FUTSTK
CIPLA APR FUT,66776,NSE,D,FUTSTK
CIPLA MAR FUT,51847,NSE,D,FUTSTK
COALINDIA APR FUT,66777,NSE,D,FUTSTK
COALINDIA MAR FUT,51848,NSE,D,FUTSTK
COFORGE APR FUT,66778,NSE,D,FUTSTK
COFORGE MAR FUT,51849,NSE,D,FUTSTK
COLPAL APR FUT,66779,NSE,D,FUTSTK
COLPAL MAR FUT,51850,NSE,D,FUTSTK
CONCOR APR FUT,66780,NSE,D,FUTSTK
CONCOR MAR FUT,51852,NSE,D,FUTSTK
COPPER APR FUT,488791,MCX,M,FUTCOM
COPPER MAR FUT,487657,MCX,M,FUTCOM
CROMPTON APR FUT,66781,NSE,D,FUTSTK
CROMPTON MAR FUT,51853,NSE,D,FUTSTK
CRUDEOIL APR FUT,486502,MCX,M,FUTCOM
CRUDEOIL MAR FUT,472789,MCX,M,FUTCOM
CUMMINSIND APR FUT,66784,NSE,D,FUTSTK
CUMMINSIND MAR FUT,51859,NSE,D,FUTSTK
DABUR APR FUT,66785,NSE,D,FUTSTK
DABUR MAR FUT,51860,NSE,D,FUTSTK
DALBHARAT APR FUT,66786,NSE,D,FUTSTK
DALBHARAT MAR FUT,51861,NSE,D,FUTSTK
DELHIVERY APR FUT,66787,NSE,D,FUTSTK
DELHIVERY MAR FUT,51862,NSE,D,FUTSTK
DIVISLAB APR FUT,66788,NSE,D,FUTSTK
DIVISLAB MAR FUT,51865,NSE,D,FUTSTK
DIXON APR FUT,66819,NSE,D,FUTSTK
DIXON MAR FUT,51866,NSE,D,FUTSTK
DLF APR FUT,66820,NSE,D,FUTSTK
DLF MAR FUT,51871,NSE,D,FUTSTK
DMART APR FUT,66821,NSE,D,FUTSTK
DMART MAR FUT,51872,NSE,D,FUTSTK
DRREDDY APR FUT,66822,NSE,D,FUTSTK
DRREDDY MAR FUT,51873,NSE,D,FUTSTK
EICHERMOT APR FUT,66823,NSE,D,FUTSTK
EICHERMOT MAR FUT,51874,NSE,D,FUTSTK
ETERNAL APR FUT,66824,NSE,D,FUTSTK
ETERNAL MAR FUT,51875,NSE,D,FUTSTK
EXIDEIND APR FUT,66825,NSE,D,FUTSTK
EXIDEIND MAR FUT,51876,NSE,D,FUTSTK
FEDERALBNK APR FUT,66826,NSE,D,FUTSTK
FEDERALBNK MAR FUT,51877,NSE,D,FUTSTK
FINNIFTY APR FUT,66689,NSE,D,FUTIDX
FINNIFTY MAR FUT,51712,NSE,D,FUTIDX
FORTIS APR FUT,66827,NSE,D,FUTSTK
FORTIS MAR FUT,51878,NSE,D,FUTSTK
GAIL APR FUT,66835,NSE,D,FUTSTK
GAIL MAR FUT,51879,NSE,D,FUTSTK
GLENMARK APR FUT,66836,NSE,D,FUTSTK
GLENMARK MAR FUT,51880,NSE,D,FUTSTK
GMRAIRPORT APR FUT,66838,NSE,D,FUTSTK
GMRAIRPORT MAR FUT,51881,NSE,D,FUTSTK
GODREJCP APR FUT,66839,NSE,D,FUTSTK
GODREJCP MAR FUT,51882,NSE,D,FUTSTK
GODREJPROP APR FUT,66840,NSE,D,FUTSTK
GODREJPROP MAR FUT,51883,NSE,D,FUTSTK
GOLD APR FUT,454818,MCX,M,FUTCOM
GOLD JUN FUT,459277,MCX,M,FUTCOM
GOLDM APR FUT,477904,MCX,M,FUTCOM
GOLDM MAR FUT,472781,MCX,M,FUTCOM
GOLDM MAY FUT,487819,MCX,M,FUTCOM
GOLDPETAL APR FUT,487665,MCX,M,FUTCOM
GRASIM APR FUT,66841,NSE,D,FUTSTK
GRASIM MAR FUT,51884,NSE,D,FUTSTK
HAL APR FUT,66842,NSE,D,FUTSTK
HAL MAR FUT,51885,NSE,D,FUTSTK
HAVELLS APR FUT,66843,NSE,D,FUTSTK
HAVELLS MAR FUT,51886,NSE,D,FUTSTK
HCLTECH APR FUT,66844,NSE,D,FUTSTK
HCLTECH MAR FUT,51891,NSE,D,FUTSTK
HDFCAMC APR FUT,66845,NSE,D,FUTSTK
HDFCAMC MAR FUT,51892,NSE,D,FUTSTK
HDFCBANK APR FUT,66846,NSE,D,FUTSTK
HDFCBANK MAR FUT,51893,NSE,D,FUTSTK
HDFCLIFE APR FUT,66847,NSE,D,FUTSTK
HDFCLIFE MAR FUT,51894,NSE,D,FUTSTK
HEROMOTOCO APR FUT,66848,NSE,D,FUTSTK
HEROMOTOCO MAR FUT,51899,NSE,D,FUTSTK
HINDALCO APR FUT,66849,NSE,D,FUTSTK
HINDALCO MAR FUT,51900,NSE,D,FUTSTK
HINDPETRO APR FUT,66850,NSE,D,FUTSTK
HINDPETRO MAR FUT,51901,NSE,D,FUTSTK
HINDUNILVR APR FUT,66851,NSE,D,FUTSTK
HINDUNILVR MAR FUT,51902,NSE,D,FUTSTK
HINDZINC APR FUT,66852,NSE,D,FUTSTK
HINDZINC MAR FUT,51903,NSE,D,FUTSTK
HUDCO APR FUT,66853,NSE,D,FUTSTK
HUDCO MAR FUT,51904,NSE,D,FUTSTK
ICICIBANK APR FUT,66854,NSE,D,FUTSTK
ICICIBANK MAR FUT,51909,NSE,D,FUTSTK
ICICIGI APR FUT,66855,NSE,D,FUTSTK
ICICIGI MAR FUT,51910,NSE,D,FUTSTK
ICICIPRULI APR FUT,66856,NSE,D,FUTSTK
ICICIPRULI MAR FUT,51912,NSE,D,FUTSTK
IDEA APR FUT,66857,NSE,D,FUTSTK
IDEA MAR FUT,51913,NSE,D,FUTSTK
IDFCFIRSTB APR FUT,66858,NSE,D,FUTSTK
IDFCFIRSTB MAR FUT,51917,NSE,D,FUTSTK
IEX APR FUT,66859,NSE,D,FUTSTK
IEX MAR FUT,51918,NSE,D,FUTSTK
INDHOTEL APR FUT,66860,NSE,D,FUTSTK
INDHOTEL MAR FUT,51919,NSE,D,FUTSTK
INDIANB APR FUT,66861,NSE,D,FUTSTK
INDIANB MAR FUT,51920,NSE,D,FUTSTK
INDIGO APR FUT,66862,NSE,D,FUTSTK
INDIGO MAR FUT,51922,NSE,D,FUTSTK
INDUSINDBK APR FUT,66863,NSE,D,FUTSTK
INDUSINDBK MAR FUT,51923,NSE,D,FUTSTK
INDUSTOWER APR FUT,66864,NSE,D,FUTSTK
INDUSTOWER MAR FUT,51928,NSE,D,FUTSTK
INFY APR FUT,66865,NSE,D,FUTSTK
INFY MAR FUT,51929,NSE,D,FUTSTK
INOXWIND APR FUT,66866,NSE,D,FUTSTK
INOXWIND MAR FUT,51933,NSE,D,FUTSTK
IOC APR FUT,66867,NSE,D,FUTSTK
IOC MAR FUT,51934,NSE,D,FUTSTK
IREDA APR FUT,66868,NSE,D,FUTSTK
IREDA MAR FUT,51935,NSE,D,FUTSTK
IRFC APR FUT,66869,NSE,D,FUTSTK
IRFC MAR FUT,51936,NSE,D,FUTSTK
ITC APR FUT,66870,NSE,D,FUTSTK
ITC MAR FUT,51939,NSE,D,FUTSTK
JINDALSTEL APR FUT,66871,NSE,D,FUTSTK
JINDALSTEL MAR FUT,51940,NSE,D,FUTSTK
JIOFIN APR FUT,66872,NSE,D,FUTSTK
JIOFIN MAR FUT,51947,NSE,D,FUTSTK
JSWENERGY APR FUT,66873,NSE,D,FUTSTK
JSWENERGY MAR FUT,51948,NSE,D,FUTSTK
JSWSTEEL APR FUT,66874,NSE,D,FUTSTK
JSWSTEEL MAR FUT,51949,NSE,D,FUTSTK
JUBLFOOD APR FUT,66875,NSE,D,FUTSTK
JUBLFOOD MAR FUT,51950,NSE,D,FUTSTK
KALYANKJIL APR FUT,66876,NSE,D,FUTSTK
KALYANKJIL MAR FUT,51951,NSE,D,FUTSTK
KAPAS NOV FUT,487669,MCX,M,FUTCOM
KAYNES APR FUT,66877,NSE,D,FUTSTK
KAYNES MAR FUT,51952,NSE,D,FUTSTK
KEI APR FUT,66878,NSE,D,FUTSTK
KEI MAR FUT,51953,NSE,D,FUTSTK
KFINTECH APR FUT,66879,NSE,D,FUTSTK
KFINTECH MAR FUT,51954,NSE,D,FUTSTK
KOTAKBANK APR FUT,66880,NSE,D,FUTSTK
KOTAKBANK MAR FUT,51957,NSE,D,FUTSTK
KPITTECH APR FUT,66881,NSE,D,FUTSTK
KPITTECH MAR FUT,51958,NSE,D,FUTSTK
LAURUSLABS APR FUT,66882,NSE,D,FUTSTK
LAURUSLABS MAR FUT,51961,NSE,D,FUTSTK
LICHSGFIN APR FUT,66883,NSE,D,FUTSTK
LICHSGFIN MAR FUT,51962,NSE,D,FUTSTK
LICI APR FUT,66884,NSE,D,FUTSTK
LICI MAR FUT,51963,NSE,D,FUTSTK
LODHA APR FUT,66885,NSE,D,FUTSTK
LODHA MAR FUT,51964,NSE,D,FUTSTK
LT APR FUT,66886,NSE,D,FUTSTK
LT MAR FUT,51966,NSE,D,FUTSTK
LTF APR FUT,66887,NSE,D,FUTSTK
LTF MAR FUT,51967,NSE,D,FUTSTK
LTIM APR FUT,66888,NSE,D,FUTSTK
LTIM MAR FUT,51968,NSE,D,FUTSTK
LUPIN APR FUT,66889,NSE,D,FUTSTK
LUPIN MAR FUT,51969,NSE,D,FUTSTK
M&M APR FUT,66890,NSE,D,FUTSTK
M&M MAR FUT,51971,NSE,D,FUTSTK
MANAPPURAM APR FUT,66891,NSE,D,FUTSTK
MANAPPURAM MAR FUT,51972,NSE,D,FUTSTK
MANKIND APR FUT,66892,NSE,D,FUTSTK
MANKIND MAR FUT,51973,NSE,D,FUTSTK
MARICO APR FUT,66896,NSE,D,FUTSTK
MARICO MAR FUT,51974,NSE,D,FUTSTK
MARUTI APR FUT,66897,NSE,D,FUTSTK
MARUTI MAR FUT,51975,NSE,D,FUTSTK
MAXHEALTH APR FUT,66898,NSE,D,FUTSTK
MAXHEALTH MAR FUT,51976,NSE,D,FUTSTK
MAZDOCK APR FUT,66899,NSE,D,FUTSTK
MAZDOCK MAR FUT,51977,NSE,D,FUTSTK
MCX APR FUT,66900,NSE,D,FUTSTK
MCX MAR FUT,51978,NSE,D,FUTSTK
MFSL APR FUT,66901,NSE,D,FUTSTK
MFSL MAR FUT,51979,NSE,D,FUTSTK
MIDCPNIFTY APR FUT,66690,NSE,D,FUTIDX
MIDCPNIFTY MAR FUT,51713,NSE,D,FUTIDX
MOTHERSON APR FUT,66902,NSE,D,FUTSTK
MOTHERSON MAR FUT,51980,NSE,D,FUTSTK
MPHASIS APR FUT,66903,NSE,D,FUTSTK
MPHASIS MAR FUT,51981,NSE,D,FUTSTK
MUTHOOTFIN APR FUT,66904,NSE,D,FUTSTK
MUTHOOTFIN MAR FUT,51982,NSE,D,FUTSTK
NATIONALUM APR FUT,66905,NSE,D,FUTSTK
NATIONALUM MAR FUT,51983,NSE,D,FUTSTK
NATURALGAS APR FUT,487465,MCX,M,FUTCOM
NATURALGAS MAR FUT,475111,MCX,M,FUTCOM
NATURALGAS MAY FUT,488505,MCX,M,FUTCOM
NATURALGASM APR FUT,487466,MCX,M,FUTCOM
NAUKRI APR FUT,66906,NSE,D,FUTSTK
NAUKRI MAR FUT,51984,NSE,D,FUTSTK
NBCC APR FUT,66907,NSE,D,FUTSTK
NBCC MAR FUT,51985,NSE,D,FUTSTK
NESTLEIND APR FUT,66908,NSE,D,FUTSTK
NESTLEIND MAR FUT,51986,NSE,D,FUTSTK
NHPC APR FUT,66909,NSE,D,FUTSTK
NHPC MAR FUT,51987,NSE,D,FUTSTK
NIFTY APR FUT,66691,NSE,D,FUTIDX
NIFTY MAR FUT,51714,NSE,D,FUTIDX
NMDC APR FUT,66947,NSE,D,FUTSTK
NMDC MAR FUT,51988,NSE,D,FUTSTK
NTPC APR FUT,66949,NSE,D,FUTSTK
NTPC MAR FUT,51989,NSE,D,FUTSTK
NUVAMA APR FUT,66950,NSE,D,FUTSTK
NUVAMA MAR FUT,51990,NSE,D,FUTSTK
NYKAA APR FUT,66953,NSE,D,FUTSTK
NYKAA MAR FUT,51993,NSE,D,FUTSTK
OBEROIRLTY APR FUT,66954,NSE,D,FUTSTK
OBEROIRLTY MAR FUT,51994,NSE,D,FUTSTK
OFSS APR FUT,66955,NSE,D,FUTSTK
OFSS MAR FUT,51995,NSE,D,FUTSTK
OIL APR FUT,66959,NSE,D,FUTSTK
OIL MAR FUT,51996,NSE,D,FUTSTK
ONGC APR FUT,66960,NSE,D,FUTSTK
ONGC MAR FUT,51997,NSE,D,FUTSTK
PAGEIND APR FUT,66961,NSE,D,FUTSTK
PAGEIND MAR FUT,51998,NSE,D,FUTSTK
PATANJALI APR FUT,66962,NSE,D,FUTSTK
PATANJALI MAR FUT,51999,NSE,D,FUTSTK
PAYTM APR FUT,66963,NSE,D,FUTSTK
PAYTM MAR FUT,52000,NSE,D,FUTSTK
PERSISTENT APR FUT,66964,NSE,D,FUTSTK
PERSISTENT MAR FUT,52001,NSE,D,FUTSTK
PETRONET APR FUT,66965,NSE,D,FUTSTK
PETRONET MAR FUT,52002,NSE,D,FUTSTK
PFC APR FUT,66966,NSE,D,FUTSTK
PFC MAR FUT,52003,NSE,D,FUTSTK
PGEL APR FUT,66967,NSE,D,FUTSTK
PGEL MAR FUT,52004,NSE,D,FUTSTK
PHOENIXLTD APR FUT,66968,NSE,D,FUTSTK
PHOENIXLTD MAR FUT,52005,NSE,D,FUTSTK
PIDILITIND APR FUT,66969,NSE,D,FUTSTK
PIDILITIND MAR FUT,52006,NSE,D,FUTSTK
PIIND APR FUT,66970,NSE,D,FUTSTK
PIIND MAR FUT,52007,NSE,D,FUTSTK
PNB APR FUT,66983,NSE,D,FUTSTK
PNB MAR FUT,52008,NSE,D,FUTSTK
PNBHOUSING APR FUT,66984,NSE,D,FUTSTK
PNBHOUSING MAR FUT,52010,NSE,D,FUTSTK
POLICYBZR APR FUT,66985,NSE,D,FUTSTK
POLICYBZR MAR FUT,52011,NSE,D,FUTSTK
POLYCAB APR FUT,66986,NSE,D,FUTSTK
POLYCAB MAR FUT,52012,NSE,D,FUTSTK
POWERGRID APR FUT,66987,NSE,D,FUTSTK
POWERGRID MAR FUT,52013,NSE,D,FUTSTK
POWERINDIA APR FUT,66988,NSE,D,FUTSTK
POWERINDIA MAR FUT,52014,NSE,D,FUTSTK
PPLPHARMA APR FUT,66998,NSE,D,FUTSTK
PPLPHARMA MAR FUT,52015,NSE,D,FUTSTK
PREMIERENE APR FUT,66999,NSE,D,FUTSTK
PREMIERENE MAR FUT,52018,NSE,D,FUTSTK
PRESTIGE APR FUT,67000,NSE,D,FUTSTK
PRESTIGE MAR FUT,52019,NSE,D,FUTSTK
RBLBANK APR FUT,67001,NSE,D,FUTSTK
RBLBANK MAR FUT,52020,NSE,D,FUTSTK
RECLTD APR FUT,67002,NSE,D,FUTSTK
RECLTD MAR FUT,52021,NSE,D,FUTSTK
RELIANCE APR FUT,67003,NSE,D,FUTSTK
RELIANCE MAR FUT,52023,NSE,D,FUTSTK
RVNL APR FUT,67004,NSE,D,FUTSTK
RVNL MAR FUT,52024,NSE,D,FUTSTK
SAIL APR FUT,67005,NSE,D,FUTSTK
SAIL MAR FUT,52026,NSE,D,FUTSTK
SAMMAANCAP APR FUT,67006,NSE,D,FUTSTK
SAMMAANCAP MAR FUT,52027,NSE,D,FUTSTK
SBICARD APR FUT,67007,NSE,D,FUTSTK
SBICARD MAR FUT,52028,NSE,D,FUTSTK
SBILIFE APR FUT,67008,NSE,D,FUTSTK
SBILIFE MAR FUT,52029,NSE,D,FUTSTK
SBIN APR FUT,67009,NSE,D,FUTSTK
SBIN MAR FUT,52030,NSE,D,FUTSTK
SHREECEM APR FUT,67010,NSE,D,FUTSTK
SHREECEM MAR FUT,52031,NSE,D,FUTSTK
SHRIRAMFIN APR FUT,67011,NSE,D,FUTSTK
SHRIRAMFIN MAR FUT,52033,NSE,D,FUTSTK
SIEMENS APR FUT,67012,NSE,D,FUTSTK
SIEMENS MAR FUT,52034,NSE,D,FUTSTK
SILVER MAR FUT,451666,MCX,M,FUTCOM
SILVER MAY FUT,457532,MCX,M,FUTCOM
SILVER SEP FUT,471725,MCX,M,FUTCOM
SILVERM APR FUT,457533,MCX,M,FUTCOM
SILVERM JUN FUT,464151,MCX,M,FUTCOM
SOLARINDS APR FUT,67013,NSE,D,FUTSTK
SOLARINDS MAR FUT,52035,NSE,D,FUTSTK
SONACOMS APR FUT,67014,NSE,D,FUTSTK
SONACOMS MAR FUT,52036,NSE,D,FUTSTK
SRF APR FUT,67015,NSE,D,FUTSTK
SRF MAR FUT,52037,NSE,D,FUTSTK
SUNPHARMA APR FUT,67016,NSE,D,FUTSTK
SUNPHARMA MAR FUT,52038,NSE,D,FUTSTK
SUPREMEIND APR FUT,67017,NSE,D,FUTSTK
SUPREMEIND MAR FUT,52039,NSE,D,FUTSTK
SUZLON APR FUT,67018,NSE,D,FUTSTK
SUZLON MAR FUT,52040,NSE,D,FUTSTK
SWIGGY APR FUT,67019,NSE,D,FUTSTK
SWIGGY MAR FUT,52046,NSE,D,FUTSTK
SYNGENE MAR FUT,52047,NSE,D,FUTSTK
TATACONSUM APR FUT,67020,NSE,D,FUTSTK
TATACONSUM MAR FUT,52049,NSE,D,FUTSTK
TATAELXSI APR FUT,67021,NSE,D,FUTSTK
TATAELXSI MAR FUT,52050,NSE,D,FUTSTK
TATAPOWER APR FUT,67022,NSE,D,FUTSTK
TATAPOWER MAR FUT,52051,NSE,D,FUTSTK
TATASTEEL APR FUT,67023,NSE,D,FUTSTK
TATASTEEL MAR FUT,52052,NSE,D,FUTSTK
TATATECH APR FUT,67024,NSE,D,FUTSTK
TATATECH MAR FUT,52053,NSE,D,FUTSTK
TCS APR FUT,67025,NSE,D,FUTSTK
TCS MAR FUT,52054,NSE,D,FUTSTK
TECHM APR FUT,67026,NSE,D,FUTSTK
TECHM MAR FUT,52055,NSE,D,FUTSTK
TIINDIA APR FUT,67027,NSE,D,FUTSTK
TIINDIA MAR FUT,52056,NSE,D,FUTSTK
TITAN APR FUT,67028,NSE,D,FUTSTK
TITAN MAR FUT,52057,NSE,D,FUTSTK
TMPV APR FUT,67029,NSE,D,FUTSTK
TMPV MAR FUT,52058,NSE,D,FUTSTK
TORNTPHARM APR FUT,67030,NSE,D,FUTSTK
TORNTPHARM MAR FUT,52059,NSE,D,FUTSTK
TORNTPOWER APR FUT,67031,NSE,D,FUTSTK
TORNTPOWER MAR FUT,52060,NSE,D,FUTSTK
TRENT APR FUT,67032,NSE,D,FUTSTK
TRENT MAR FUT,52061,NSE,D,FUTSTK
TVSMOTOR APR FUT,67033,NSE,D,FUTSTK
TVSMOTOR MAR FUT,52062,NSE,D,FUTSTK
ULTRACEMCO APR FUT,67034,NSE,D,FUTSTK
ULTRACEMCO MAR FUT,52063,NSE,D,FUTSTK
UNIONBANK APR FUT,67035,NSE,D,FUTSTK
UNIONBANK MAR FUT,52064,NSE,D,FUTSTK
UNITDSPR APR FUT,67036,NSE,D,FUTSTK
UNITDSPR MAR FUT,52065,NSE,D,FUTSTK
UNOMINDA APR FUT,67037,NSE,D,FUTSTK
UNOMINDA MAR FUT,52066,NSE,D,FUTSTK
UPL APR FUT,67038,NSE,D,FUTSTK
UPL MAR FUT,52067,NSE,D,FUTSTK
VBL APR FUT,67039,NSE,D,FUTSTK
VBL MAR FUT,52068,NSE,D,FUTSTK
VEDL APR FUT,67040,NSE,D,FUTSTK
VEDL MAR FUT,52069,NSE,D,FUTSTK
VOLTAS APR FUT,67041,NSE,D,FUTSTK
VOLTAS MAR FUT,52070,NSE,D,FUTSTK
WAAREEENER APR FUT,67042,NSE,D,FUTSTK
WAAREEENER MAR FUT,52073,NSE,D,FUTSTK
WIPRO APR FUT,67043,NSE,D,FUTSTK
WIPRO MAR FUT,52074,NSE,D,FUTSTK
YESBANK APR FUT,67044,NSE,D,FUTSTK
YESBANK MAR FUT,52089,NSE,D,FUTSTK
ZINC APR FUT,488794,MCX,M,FUTCOM
ZINC JUN FUT,552711,MCX,M,FUTCOM
ZINC MAR FUT,487662,MCX,M,FUTCOM
ZINC MAY FUT,510478,MCX,M,FUTCOM
ZINCMINI APR FUT,488795,MCX,M,FUTCOM
ZINCMINI JUN FUT,552712,MCX,M,FUTCOM
ZINCMINI MAR FUT,487663,MCX,M,FUTCOM
ZINCMINI MAY FUT,510479,MCX,M,FUTCOM
ZYDUSLIFE APR FUT,67045,NSE,D,FUTSTK
ZYDUSLIFE MAR FUT,52090,NSE,D,FUTSTK
